15540,22,1725046026
15957,37,1759873009
16536,44,1786508018
17874,37,1764885459
17878,37,1781216427
18342,38,1722011841
18718,43,1741980534
19109,43,1741980628
19123,43,1741980495
20245,36,1763485206
20251,36,1760645608
20252,36,1770063867
20319,37,1786475525
20323,37,1786475554
20328,37,1786475577
20492,36,1764013028
20496,36,1764014708
20499,36,1764014128
20657,35,1770060984
20660,35,1770063779
20668,35,1773096427
20779,35,1769623580
20805,35,1786475800
20816,35,1786476099
20917,36,1770063798
20919,30,1767727253
20930,36,1785345697
20944,36,1781101832
21007,36,1778625903
21014,36,1783983047
21017,36,1778123319
21157,31,1775653407
21726,27,1778102313
21729,27,1778102489
21732,27,1778102382
21752,27,1771955658
21755,27,1771955694
21758,27,1771955676
21761,27,1783983118
21763,27,1783983133
21765,27,1783983185
21776,27,1730238550
22004,27,1673991410
22006,27,1702073436
22057,27,1727295970
22095,27,1770406273
22110,27,1727295981
22138,22,1770405664
22139,22,1770406148
22144,22,1770405948
22149,22,1725045732
22161,22,1725045723
22178,22,1725050523
22180,22,1781127456
22182,22,1725050614
22223,28,1741710636
22226,28,1741710697
22229,28,1741710675
22234,28,1772062854
22237,28,1781101860
22240,28,1781101876
22250,28,1720031036
22253,28,1734648606
22256,28,1635281303
22259,28,1771955872
22262,28,1772224852
22265,28,1772223980
22304,28,1738695750
22314,28,1738695770
22327,28,1738695808
23182,43,1745859735
23200,43,1745518262
23205,43,1745518248
23210,43,1781213064
23213,43,1752516028
23231,43,1752516026
23234,43,1776719679
23236,43,1654891184
23277,43,1743534170
23304,42,1780958652
23316,42,1780958675
23319,42,1780958687
23492,42,1757445106
23495,42,1757445108
23634,42,1757445102
23670,43,1780958455
23674,43,1780958479
23678,43,1780958492
23806,35,1768602255
24158,42,1780961049
24163,42,1780961066
24165,42,1778088638
24326,42,1741711661
24328,42,1741711698
24330,42,1741711681
24371,41,1714163801
24574,41,1780958204
24578,41,1714163865
24584,41,1745527438
24589,41,1745527467
24595,41,1749852374
24613,42,1780960973
24636,42,1780960989
24639,42,1780961004
24785,43,1778119920
24804,43,1778119953
24806,43,1778119969
24828,41,1691698327
24834,41,1699382574
24842,41,1691698328
25091,40,1781129486
25255,38,1718834114
25260,38,1718827320
25267,38,1718827392
25352,39,1783983381
25375,39,1776375429
25377,39,1749847963
25380,39,1776375436
25411,39,1687982339
25484,38,1722025185
25493,38,1727889950
26114,22,1739830694
26158,22,1759175138
26188,22,1771955917
26209,28,1690236802
26768,72,1710166133
26792,22,1778008623
26797,22,1739825682
26800,22,1759175558
26804,22,1781127519
26807,28,1690236756
26821,28,1687985729
26858,22,1771955808
26869,22,1771955826
27706,41,1642529004
28025,41,1738017027
28279,30,1760466230
28297,30,1775590745
28302,30,1768413806
28304,29,1677531171
28306,29,1694459864
28308,41,1738017581
28311,41,1731961074
28341,41,1678909088
28348,41,1690234926
28365,29,1686849986
28379,31,1677531591
28385,34,1783983561
28418,42,1739822202
28448,30,1759258961
28536,34,1704220402
28567,44,1727206732
28591,31,1753815889
28607,31,1678211225
28613,31,1781101329
28719,29,1781039294
28727,29,1781037988
28800,33,1635803217
28858,33,1667850201
28869,32,1651263667
28876,32,1662660236
28879,32,1720454963
28882,32,1635798393
28967,35,1778088506
28988,35,1772225927
29004,36,1760645857
29012,36,1770326369
29032,37,1775677217
29037,37,1774647123
29043,37,1781104240
29059,35,1769623555
29071,37,1764803062
29091,33,1651525038
29173,33,1664221749
29224,37,1781101817
29338,24,1781026792
29482,42,1740511342
29489,42,1739822154
29552,26,1781030391
29556,25,1781030312
30920,44,1783983578
31271,32,1713198128
31531,34,1621543108
31632,44,1691692997
31642,44,1781024515
31816,37,1781216376
31820,37,1775677278
31837,35,1786475613
31874,37,1781104257
31888,37,1781104275
32455,50,1782848326
32624,51,1782236632
32632,50,1785345644
32633,50,1785345632
32673,37,1781101599
32678,37,1774652039
32685,37,1774652055
32710,35,1782494733
32715,36,1768951107
32719,36,1769018664
32722,36,1764020254
32744,36,1764019803
32785,35,1786475652
32792,35,1786475670
32853,35,1778088482
32881,35,1778088466
32893,51,1707165771
32947,35,1773248233
32958,35,1781101929
32986,51,1709763995
33195,39,1693935103
33211,39,1749675298
33291,40,1786476609
33308,40,1635368614
33316,40,1775654137
33319,40,1698779828
33326,40,1701284663
33357,38,1773684307
33375,39,1718827225
33376,48,1772571488
33386,38,1677527658
33398,38,1736886001
34721,40,1635368675
34727,40,1652460872
34835,40,1786476583
34838,40,1786476561
34843,38,1712180745
34851,38,1781213458
35414,39,1718824524
35419,39,1722276770
35434,39,1749675324
35441,39,1749675332
35460,40,1726246140
35508,40,1699986918
35713,45,1727212867
35721,45,1635962317
35737,45,1691694840
35750,45,1781024096
35762,45,1781544069
36028,39,1772566023
36049,39,1693935115
36485,39,1700156227
36493,39,1687982346
36508,38,1774650148
36514,38,1725916566
36891,40,1775655422
36901,40,1775586148
36908,40,1698781809
36935,40,1698777921
36943,40,1709937841
36957,40,1673991893
36967,38,1773684443
36968,38,1773684382
37232,34,1745352763
37243,34,1750097877
37470,39,1783983632
37475,39,1746035180
38250,29,1677530910
38256,29,1677530951
38264,29,1677531205
38268,29,1677692423
38312,29,1781038010
38317,29,1781038020
38401,29,1781043515
38405,29,1781041904
38452,29,1686850051
38455,29,1686850009
38563,48,1623175389
38566,48,1692308544
38570,67,1772227714
38571,67,1726584774
38573,67,1690234309
38645,32,1778008664
38660,32,1656433203
38669,32,1673994936
38672,32,1694456253
38685,32,1699986544
38687,32,1707164942
38689,32,1662660276
38695,32,1662660263
38701,32,1683065474
38705,32,1692993105
38745,30,1765824884
38754,30,1759261748
38778,30,1759259518
38788,30,1759260977
38794,30,1775587613
38802,30,1781034330
38807,30,1760468728
38814,30,1760464768
38819,30,1768413879
38823,30,1768413851
38839,31,1677531771
38845,31,1677531667
38846,31,1712163507
38857,31,1712163499
38861,31,1753815902
38891,31,1753975696
38901,31,1781101799
38906,31,1781101315
38910,31,1778008690
38914,31,1775655493
38931,51,1774653240
38932,51,1774653298
38937,33,1702073958
38949,51,1709935992
38956,51,1707165759
38963,51,1710268558
38965,51,1781026615
38984,33,1651524839
39011,33,1667850246
39052,33,1667850218
39075,50,1782849409
39076,50,1782848058
39089,33,1781101744
39095,33,1664221835
39104,50,1785345597
39105,50,1785345580
39113,50,1785345492
39114,50,1785345466
39143,33,1635804167
39161,33,1702073273
39182,24,1781026833
39186,24,1781026946
39192,25,1702073871
39195,25,1702073922
39197,26,1781030448
39205,26,1781030413
39270,72,1746029587
39298,55,1718136676
39369,55,1781025600
39425,55,1772566423
39475,55,1695224546
39489,55,1691695074
40058,34,1783983690
40060,34,1783983713
40076,34,1704220550
40079,34,1704220683
40094,34,1750097818
40103,34,1750097815
40109,34,1621543178
40116,34,1621543144
40126,34,1687197569
40130,34,1687197601
40158,45,1730405709
40161,45,1730405721
40169,45,1772567039
40181,45,1746714915
40194,45,1778122856
40195,45,1778122872
40211,48,1690234197
40215,48,1690234214
40220,48,1684355841
40223,48,1623175818
40226,67,1772228408
40229,67,1772481136
40232,67,1726584801
40234,67,1732112601
40237,67,1690234338
40239,67,1747780231
40242,48,1772571560
40255,48,1772571521
40300,45,1646864150
40317,72,1710166140
40328,72,1710166145
40336,45,1716911275
40372,45,1781024244
40382,45,1781024327
40414,72,1746029580
40420,72,1751396606
40441,44,1781025010
40445,44,1781024781
40452,44,1717003259
40457,44,1778008715
40465,44,1691695351
40470,44,1702073163
40478,44,1783983740
40483,44,1783983991
40489,44,1786508737
40493,44,1786507933
41958,55,1702073073
41967,55,1691695413
41990,55,1772566603
42012,55,1772566751
42028,55,1718136715
42038,55,1772485702
42056,55,1695222249
42060,55,1695222232
42138,55,1781025725
42176,55,1781025875
43714,41,1726685366
46324,41,1744227470
46331,41,1778119855
46340,33,1637079556
46348,33,1637079704
46356,33,1712687040
58310,50,1785345445
58317,50,1785345425
58325,50,1785345400
58405,50,1785345372
58742,50,1785345360
58798,50,1786567693
58855,50,1785345332
58864,50,1785345298
58879,50,1785345253
61487,48,1780961908
61489,67,1772485800
61491,48,1780961948
61500,48,1711635683
61503,48,1651867489
61505,48,1654289943
61507,48,1667324182
61511,67,1709937474
61519,67,1772485839
61524,67,1772485939
61529,67,1709937621
61536,67,1709937645
61902,38,1778088914
61919,38,1778088948
61927,38,1781213340
63029,27,1763406293
63044,27,1745525999
63046,27,1745525987
83216,30,1759256611
83229,30,1771360231
83238,30,1759257178
83272,29,1781043666
83292,29,1781043853
83310,29,1781043915
83465,32,1746029559
83552,34,1777581467
83600,31,1727296276
83619,33,1621286790
83642,33,1781031625
83850,34,1749581888
84434,33,1621287091
85132,34,1743519836
85179,31,1727296311
85187,31,1727296324
85257,32,1746029552
85451,32,1743532685
85532,128,1697134485
85536,128,1710170017
85539,128,1781120156
85552,128,1690308637
85564,128,1687986149
85578,128,1783984611
85804,128,1697134515
85807,128,1697134542
85840,128,1783984628
85845,128,1783984648
85850,128,1690308578
85851,128,1690308604
85854,128,1781112804
85855,128,1781112800
85858,128,1651696778
85859,128,1643305466
85862,128,1710170096
85863,128,1710170327
85982,127,1781126107
85986,127,1781126203
85990,127,1781126217
85995,127,1674853235
85999,127,1781126764
86003,127,1674853201
86009,127,1743456596
86015,127,1743457037
86019,127,1743456959
86023,127,1775659652
86027,127,1786477533
86031,127,1702072635
86037,127,1781125924
86041,127,1781125978
86045,127,1781125993
86050,127,1775654501
86054,127,1779833033
86058,127,1775653653
86109,129,1781110957
86113,129,1781111266
86117,129,1781111082
86122,129,1781101691
86126,129,1781101652
86130,129,1781101677
86135,129,1781110797
86139,129,1781110820
86143,129,1781110847
86148,129,1772147723
86152,129,1772147761
86156,129,1786477458
86161,129,1772147636
86165,129,1772147651
86169,129,1772147668
86175,129,1783984674
86179,129,1786567772
86183,129,1783984703
103478,130,1623361671
103483,130,1784755998
103488,130,1772567518
103492,130,1760459635
103503,130,1652478857
103543,130,1726091090
103557,130,1680031993
103564,130,1623361983
103571,130,1785964441
103623,130,1784756011
103652,130,1726510491
103665,130,1726511920
103706,130,1652478933
103710,130,1652479090
103747,130,1655828159
103755,130,1655828075
104059,130,1772568428
104079,130,1772568531
114108,131,1781106566
114196,133,1699986102
114317,131,1775655892
114860,131,1749675142
115001,132,1781105025
115093,132,1783985738
115115,132,1728660486
115177,132,1783985823
115206,132,1781104851
115238,132,1776787414
115252,131,1718218461
115307,133,1749679399
115315,133,1772571612
115410,133,1757354572
115710,133,1749676550
115924,131,1778103142
115926,133,1712002198
117624,131,1781106606
117637,131,1781106694
117690,131,1757449474
117749,131,1749675159
117805,131,1737574581
117850,131,1718218506
117883,133,1699986069
117888,133,1699986039
117919,133,1749679445
117940,133,1749679426
118008,131,1778103229
118017,133,1772571661
118070,133,1712002332
118122,133,1712002299
118223,132,1651878842
118226,132,1648852808
118237,132,1781104936
118244,132,1781104930
118279,132,1781105354
118308,132,1784015047
118352,132,1784015029
118367,133,1734387275
118379,133,1757355510
118380,132,1784015010
118404,132,1784014992
118623,132,1781101353
118639,132,1774911670
118664,132,1786477118
118680,131,1775655919
118726,131,1775655946
118763,131,1778103185
118809,133,1772571911
118840,133,1749676574
118912,133,1749676563
122174,131,1786482341
122388,131,1786482382
122395,131,1786482590
128709,51,1623262654
132141,51,1709936577
134160,51,1709936595
134583,51,1746029534
135841,51,1776891296
135905,51,1746029526
137259,51,1746029518
137861,51,1594144007
138097,51,1594144090
182977,218,1690486840
182988,218,1784013965
183006,218,1779821033
183047,218,1781104195
183122,218,1756136909
183165,219,1711746265
183241,219,1784013942
183261,220,1685542967
183267,219,1692983883
183401,219,1719848040
183430,219,1709936982
183447,220,1758742253
183537,220,1756137358
183542,220,1755538827
183555,220,1772730738
183648,219,1770161809
183676,219,1770152472
183709,220,1770152892
185794,218,1729634037
185803,218,1690486899
185805,218,1768323627
185817,218,1780084708
185823,218,1779821039
185836,218,1784013922
185839,218,1784013908
185842,218,1781104183
185894,219,1784013894
185901,219,1784013878
185908,219,1770163132
185912,219,1732134658
185918,219,1692983846
185921,219,1713563212
186189,220,1685542967
186191,220,1685542967
186193,220,1756137486
186200,220,1756137501
186207,220,1758742389
186209,220,1758742446
186211,220,1755539120
186220,220,1755539372
186229,220,1781560487
186234,220,1772730890
186366,218,1756136955
186452,218,1781104147
186477,219,1770163152
186489,219,1724960465
186531,219,1709937009
189791,218,1784013845
189837,218,1784013828
189867,218,1784013807
192372,219,1770152489
192380,219,1770152481
193558,220,1770152902
193794,220,1770152911
198282,220,1685542992
198288,220,1685542992
198292,220,1685542992
198309,220,1756137334
198330,220,1756137494
198537,220,1756137507
198563,220,1710258104
198564,220,1710258143
198567,220,1710258187
238232,351,1773779230
240268,351,1776372925
259224,351,1785361766
263220,351,1773701854
263247,351,1773680185
263316,352,1773680484
263398,352,1773787343
263410,352,1773776647
263412,352,1777929908
263416,352,1776460756
263448,353,1786566974
263465,353,1776788316
263509,353,1776290087
263519,354,1784225147
263520,354,1773695494
263521,354,1773695960
263522,354,1773696042
263523,354,1781560686
263549,353,1776810294
263554,353,1782229157
263585,355,1773700472
263586,355,1773701086
263587,355,1773701217
263588,355,1774463633
263589,355,1773701876
263603,356,1781103851
263604,356,1777415137
263605,356,1777415222
263606,356,1776376480
263607,356,1776810728
263870,357,1776720204
263871,357,1780958619
263872,357,1777413618
263873,357,1776452091
263874,357,1777929912
